id;nome_completo;estado_civil;email;phone_number;aniversario;salario
1;streamline;Berkshire;Ayden62@yahoo.com;deposit application;2020-01-21T14:56:41;62421
2;Applications invoice bandwidth;Maine;Effie.Cummerata23@gmail.com;Drive grid-enabled;2020-01-21T07:25:19;93654
3;Kiribati invoice;Buckinghamshire;Alexis.DuBuque34@hotmail.com;Branch Shirt;2020-01-21T08:46:08;44876
4;Architect SAS visionary;cyan;Sandrine.Stokes13@gmail.com;Accounts aggregate B2B;2020-01-22T02:02:20;80542
5;software;Legacy;Lulu22@yahoo.com;SCSI Table;2020-01-21T05:56:55;1861
6;Sleek Rubber Bacon;Forward Sports leading-edge;Kyler48@yahoo.com;Chicken Florida;2020-01-21T22:51:59;65982
7;communities markets Orchestrator;Practical Wooden Shoes Pants enterprise;Arlie_Stamm@hotmail.com;red;2020-01-21T18:01:38;1074
8;Soap Fantastic Plastic Cheese New Jersey;Garden Developer;Itzel_Mosciski@yahoo.com;Bedfordshire digital synthesizing;2020-01-21T13:18:14;10412
9;aggregate;compressing transition Horizontal;Ashlynn11@gmail.com;SQL Forward United States Minor Outlying Islands;2020-01-21T03:40:00;48871
10;Movies teal;Gibraltar Pound Quality;Jasen56@yahoo.com;Automotive;2020-01-21T07:51:30;4497
